name,type,range-range,subzone,zone,stage,captured,timesCaptuted,archMonster,bossMonster
Araknekros- el Salvaje,Arakna de alcantarilla,Niv. 22 - 30,Alcantarillas de Astrub,Astrub,20,N,0,Y,N
Arakniry- la destripada,Arakna ,Niv. 16 - 20,Bosque Maléfico,Amakna,20,N,0,Y,N
Arkandinska- la Lírica,Arakna Enferma ,Niv. 11 - 15,Subterráneos de Astrub,Astrub,20,N,0,Y,N
Cangri-doo- la Hadada,Cangrejo,Niv. 42 - 50,Ribera del golfo de Sufokeño,Bahía de Sufokia,20,N,0,Y,N
Capioricito Rojo- el Forestal,Pío Rojo,Niv. 11 - 15,Fortificación de Bonta,Bonta,20,N,0,Y,N
Champi Casso- el Cúbico,Champi Champ,Niv. 16 - 20,Rincón de los Jalatós,Amakna,20,N,0,Y,N
Diente de Lennon- el Universal,Diente de León Diabólico,Niv. 16 - 20,Campos de Astrub,Astrub,20,N,0,Y,N
Jalatintanic- el Hundido,Jalatín Negro,Niv. 22 - 30,Rincón de los Jalatós,Amakna,20,N,0,Y,N
Jalatintin- el Reportero,Jalatín Blanco,Niv. 22 - 30,Rincón de los Jalatós,Amakna,20,N,0,Y,N
Larvichuelas Jack- las Mágicas,Larva Azul,Niv. 16 - 20,Praderas de Astrub,Astrub,20,N,0,Y,N
Mashkira- la Rubia de Bote,Moskito,Niv. 16 - 20,Linde del Bosque Maléfico,Amakna,20,N,0,Y,N
Pido- el Greñas,Pío Rosa,Niv. 11 - 15,Sufokia,Bahía de Sufokia,20,N,0,Y,N
Pioch- el Arenil,Pío Azul,Niv. 11 - 15,Sufokia,Bahía de Sufokia,20,N,0,Y,N
Piokacho- el Eléctrico,Pío Amarillo,Niv. 11 - 15,Sufokia,Bahía de Sufokia,20,N,0,Y,N
Ratom Raider- la Curvas,Ratón Gris,Niv. 1,Criptas del Cementerio ,Amakna,20,N,0,Y,N
Satofu- el PlasticPaddy,Tofu,Niv. 32 - 40,Campo de los Ingals,Amakna,20,N,0,Y,N
Spío- el Dragón,Pío Violeta,Niv. 11 - 15,Sufokia,Bahía de Sufokia,20,N,0,Y,N
Spionter Vellde- el Peligroso,Pío Verde,Niv. 11 - 15,Sufokia,Bahía de Sufokia,20,N,0,Y,N
Tofumado- el Alucinado,Tofu Enfermo,Niv. 11 - 15,Subterráneos de Astrub,Astrub,20,N,0,Y,N
Tofumantxú- el Mítico,Tofu Maléfico,Niv. 32 - 40,Bosque Maléfico,Amakna,20,N,0,Y,N
Bandiras- el zorro del clan Los Malagueños,Bandido del clan de los Tymadores ,Niv. 37 - 49,Territorio de los Bandidos,Amakna,21,N,0,Y,N
Banrí Mantís- el Pigmentado,Bandido Manco,Niv. 42 - 50,Pasaje hacia Brakmar,Amakna,21,N,0,Y,N
Black Tegerwoddit- el Swinguero,Black Wabbit ,Niv. 42 - 50,Isla Zanahowia,Archipiélago Wabbit,21,N,0,Y,N
Culebretty- la Fea,Culebrón,Niv. 52 - 60,Campos de Cania,Llanuras de Cania,21,N,0,Y,N
Gearsol Metalvaje- el Espía,Girasol Salvaje,Niv. 16 - 20,Campos de Astrub,Astrub,21,N,0,Y,N
Gelatiris- el Arenero,Gelatina Azul,Niv. 46 - 62,Península de las Gelatinas,Amakna,21,N,0,Y,N
Gelazquina- el Men,Gelatina de Menta ,Niv. 50 - 62,Península de las Gelatinas,Amakna,21,N,0,Y,N
Goyablín- el Afrancesado,Goblin,Niv. 20 - 24,Piedemonte de los Crujidores,Amakna,21,N,0,Y,N
Jaleté- el Extraterrestre,Jalató,Niv. 22 - 30,Rincón de los Jalatós,Amakna,21,N,0,Y,N
Kolafuerte- el Pegatodo,Kólerat ,Niv. 62 - 70,Tierras desoladas de Sidimote,Landas de Sidimote,21,N,0,Y,N
Kosakhiin- el Lunítico,Kosakepega,Niv. 92 - 100,Jungla Prohibida,Isla de Moon,21,N,0,Y,N
Kwane- el Ciudadano,Kwoan ,Niv. 32 - 40,Bosque Maléfico,Amakna,21,N,0,Y,N
Larvangoj- el Desorejado,Larva Naranja,Niv. 16 - 20,Praderas de Astrub,Astrub,21,N,0,Y,N
Larvémming- el Descerebrado,Larva Verde,Niv. 16 - 20,Praderas de Astrub,Astrub,21,N,0,Y,N
Nozdoku- el Numérico,Nozdekoko,Niv. 42 - 50,Playa Tortuga,Isla de Moon,21,N,0,Y,N
Paelladero Oscuro- el Arrozoso,Panadero Oscuro,Niv. 35 - 47,Territorio de los Bandidos,Amakna,21,N,0,Y,N
Pekekokoitu- el Interruptus,Pekekoko,Niv. 42 - 50,Playa Tortuga,Isla de Moon,21,N,0,Y,N
Pekewasqhabit- el Juguetón,Pekewabbit,Niv. 41 - 49,Isla Zanahowia,Archipiélago Wabbit,21,N,0,Y,N
Pekiwbyt Hambriento- el Glotón,Pekewabbit Hambriento,Niv. 40 - 48,Isla Zanahowia,Archipiélago Wabbit,21,N,0,Y,N
Rochavo Democho- el Chispotiado,Rosa Demoniaca,Niv. 16 - 20,Campos de Astrub,Astrub,21,N,0,Y,N
Biblidiana- la Controvertida,Biblop Guinda,Niv. 24 - 28,Lago de Cania,Llanuras de Cania,22,N,0,Y,N
Biblópera- el Fantasma,Biblop Reineta ,Niv. 24 - 28,Lago de Cania,Llanuras de Cania,22,N,0,Y,N
Biblues- el Ritmo,Biblop Índigo,Niv. 24 - 28,Lago de Cania,Llanuras de Cania,22,N,0,Y,N
Bibolsón- el Anilloso,Biblpo Coco,Niv. 24 - 28,Lago de Cania,Llanuras de Cania,22,N,0,Y,N
Bo'Callaghan- el Trebol,Boo ,Niv. 25 - 29,Pantanos Nauseabundos,Montaña de los Koalaks,22,N,0,Y,N
Cabalista- el Conspirador,Cabalgador de Karne,Niv. 27 - 35,Piedemonte de los Crujidores,Amakna,22,N,0,Y,N
Calawino- el Oriental,Calawaza,Niv. 25 - 45,Bosque Maléfico,Amakna,22,N,0,Y,N
Champolís- el Astronauta,Champo Verde,Niv. 35 - 43,Claro de Brus Bulguro,Amakna,22,N,0,Y,N
Cochumájer- el Rápido,Cochinillo,Niv. 42 - 50,Llanura de los Puerkazos ,Llanuras de Cania,22,N,0,Y,N
Colmillamoto- el Omnipotente,Colmillo Blando,Niv. 62 - 70,Tierras desoladas de Sidimote,Landas de Sidimote,22,N,0,Y,N
Jabachlí- el Casto,Jabalí,Niv. 22 - 30,Bosque de Astrub,Astrub,22,N,0,Y,N
Jefe de Victoria Jarató- el Mancillado,Jefe de Guerra Jalató,Niv. 22 - 30,Rincón de los Jalatós,Amakna,22,N,0,Y,N
Milirratatúi- el Gastrónomo,Milirata de alcantarillas enferma,Niv. 22 - 30,Alcantarillas de Astrub,Astrub,22,N,0,Y,N
Pastortilla- el Huevo,Pastor Puerkazo,Niv. 42 - 50,Llanura de los Puerkazos ,Llanuras de Cania,22,N,0,Y,N
Prestrit- el Luchador,Prespic,Niv. 22 - 30,Bosque de Astrub,Astrub,22,N,0,Y,N
Robiolego el Ensamblado,Robionicle,Niv. 55 - 63,Sierra de Cania,Llanuras de Cania,22,N,0,Y,N
Tortugadget- el Inspector,Tortuga Azul,Niv. 42 - 50,Playa Tortuga,Isla de Moon,22,N,0,Y,N
Tortugríssom- el Doctor,Tortuga Amarilla,Niv. 42 - 50,Playa Tortuga,Isla de Moon,22,N,0,Y,N
Vamorespirros- el Múltiple,Vampiro,Niv. 32 - 40,Criptas del Cementerio ,Amakna,22,N,0,Y,N
Wogew Wabbit- el Engañado,Wabbit,Niv. 44 - 52,Isla Zanahowia,Archipiélago Wabbit,22,N,0,Y,N
Bambudín- el Azteca,Bambuto ,Niv. 36 - 44,Plantala,Isla de Pandala,23,N,0,Y,N
Barchwork- el Multicolor,Bwork Arquero ,Niv. 37 - 49,Bosque Maléfico,Amakna,23,N,0,Y,N
Blackowibbit- el Imaginativo,Black Pekewabbit ,Niv. 46 - 54,Isla Zanahowia,Archipiélago Wabbit,23,N,0,Y,N
Bwhork Mageneration- el Precursor,Bwork Mago,Niv. 39 - 51,Bosque Maléfico,Amakna,23,N,0,Y,N
Colmillazaqui- el Inagotable,Crowrajo,Niv. 62 - 70,Tierras desoladas de Sidimote,Landas de Sidimote,23,N,0,Y,N
Cuergotismo- el Febril,Cuerbok,Niv. 102 - 110,Morada de Cuerbok,Llanuras de Cania,23,N,0,Y,N
Gazpischos- el Refrescante,Pischis Verde,Niv. 16 - 20,Calas de Astrub,Astrub,23,N,0,Y,N
Maéstrick Vaggerpiro- el Canto Rodado,Vampiro Jefe,Niv. 37 - 49,Criptas del Cementerio ,Amakna,23,N,0,Y,N
Mazomorra- el Rolista,Mazorral,Niv. 92 - 100,Jungla Prohibida,Isla de Otomai,23,N,0,Y,N
Mililupin- el Tercero,Mililubo,Niv. 22 - 30,Bosque de Astrub,Astrub,23,N,0,Y,N
Minerón- el Incendiario,Minero Oscuro,Niv. 39 - 51,Territorio de los Bandidos,Amakna,23,N,0,Y,N
Mitoskorleone- el Buen Padre,Minoskito,Niv. 100 - 108,Isla del Minotauroro,Isla del Minotauroro,23,N,0,Y,N
Nujosawa- el Emperador,Nujo,Niv. 20 - 24,Bosque Maléfico,Amakna,23,N,0,Y,N
Pischili Conkarne- el Fuerte,Pischis Blanco,Niv. 16 - 20,Calas de Astrub,Astrub,23,N,0,Y,N
Pischistorra- la Cárnica,Pischis Naranja,Niv. 16 - 20,Calas de Astrub,Astrub,23,N,0,Y,N
Pischurrasco- el Braseado,Pischis Azul,Niv. 16 - 20,Calas de Astrub,Astrub,23,N,0,Y,N
Robocoop el Intercambiado,Robot mangual,Niv. 53 - 61,Sierra de Cania,Llanuras de Cania,23,N,0,Y,N
Rostetricia- la Reproductiva,Rosa Oscura,Niv. 19 - 27,Pastizal de Bonta,Bonta,23,N,0,Y,N
Tortruquini- el Inspector,Tortuga Verde,Niv. 42 - 50,Playa Tortuga,Isla de Moon,23,N,0,Y,N
Tortugo Projatt- el Corto,Tortuga Roja,Niv. 42 - 50,Playa Tortuga,Isla de Moon,23,N,0,Y,N
Abrakíledo- el Patas Ligeras,Abráknido ,Niv. 38 - 50,Linde del bosque de los Abráknidos,Bosque de los Abráknidos,24,N,0,Y,N
Arib Abá- el de los 40,Rib ,Niv. 34 - 42,Bosque Maléfico,Amakna,24,N,0,Y,N
Bwarkgner- el Magnificentista,Bwork,Niv. 44 - 56,Bosque Maléfico ,Amakna,24,N,0,Y,N
Champán- el Espumoso,Champo Rojo,Niv. 35 - 43,Claro de Brus Bulguro,Amakna,24,N,0,Y,N
Champlin- el Cómico,Champo Marrón,Niv. 35 - 43,Claro de Brus Bulguro,Amakna,24,N,0,Y,N
Champlomo- el Soldadito,Champo Azul,Niv. 35 - 43,Claro de Brus Bulguro,Amakna,24,N,0,Y,N
Charfernegger- el Goberneitor,Chafer Invisible,Niv. 25 - 37,Bosque Maléfico,Amakna,24,N,0,Y,N
Cofresno el Espinoso,Cofre equipado,Niv. 57 - 65,Sierra de Cania,Llanuras de Cania,24,N,0,Y,N
Crojmeo- el Veronés,Crujibola,Niv. 62 - 70,La montaña de los Crujidores,Amakna,24,N,0,Y,N
Crujaitor- el Eurovisivo,Crujidor,Niv. 62 - 70,La montaña de los Crujidores,Amakna,24,N,0,Y,N
Dragozart Almandreus- el Prodigio,Dragopavo Almendrado Salvaje,Niv. 55 - 67,Territorio de los Dragopavos Salvajes,Montaña de los Koalaks,24,N,0,Y,N
Escaramelo el Derretido,Escarahoja Verde,Niv. 34 - 42,Llanura de los Escarahojas,Amakna,24,N,0,Y,N
Escarumais- los Siete,Escarahoja Blanco,Niv. 34 - 42,Llanura de los Escarahojas,Amakna,24,N,0,Y,N
Escorobeitor- el Malvado,Escarahoja Rojo,Niv. 34 - 42,Llanura de los Escarahojas,Amakna,24,N,0,Y,N
Estarausija Azul- el del Danubio,Escarahoja Azul,Niv. 34 - 42,Llanura de los Escarahojas,Amakna,24,N,0,Y,N
Gelatina Turner- la Best,Gelatina de Fresa,Niv. 54 - 62,Península de las Gelatinas,Amakna,24,N,0,Y,N
Kramelanoma- el Ennegrecedor,Krameleón ,Niv. 110 - 118,Isla del Minotauroro,Isla del Minotauroro,24,N,0,Y,N
Mandreinas- las Nueve,Mandrina,Niv. 100 - 108,Isla del Minotauroro,Isla del Minotauroro,24,N,0,Y,N
Pulgargrolito- el Astuto,Gárgrola,Niv. 32 - 40,Cementerio de Astrub,Astrub,24,N,0,Y,N
Waybbit Esquelite- el Rebelde,Wabbit Esqueleto,Niv. 48 - 56,Islote Sepultuwa,Archipiélago Wabbit,24,N,0,Y,N
Abrákneo- el Elegido,Abrakno ,Niv. 40 - 52,Linde del bosque de los Abráknidos,Bosque de los Abráknidos,25,N,0,Y,N
Blómperman- el Explosivo,Blop Coco ,Niv. 52 - 60,Lago de Cania,Llanuras de Cania,25,N,0,Y,N
Blop Dylan- el Ventoso,Blop Guinda ,Niv. 52 - 60,Lago de Cania,Llanuras de Cania,25,N,0,Y,N
Blop Inocho- el Narizotas,Blop Índigo ,Niv. 52 - 60,Lago de Cania,Llanuras de Cania,25,N,0,Y,N
Bloppy Reinarker- la Primera Mitad,Blop Reineta,Niv. 52 - 60,Lago de Cania,Llanuras de Cania,25,N,0,Y,N
Bulbubunet- la Única,Bulbomatorral,Niv. 102 - 110,Plantala,Isla de Pandala,25,N,0,Y,N
Cerduodenitis- el Abdominal,Cerdo de Farle,Niv. 90 - 98,El laberinto del Dragocerdo,Laberinto del Dragocerdo,25,N,0,Y,N
Cháferlie- el Ángeles,Chafer,Niv. 32 - 40,Bosque Maléfico,Amakna,25,N,0,Y,N
Chafíner Divarrio- el Casposo,Chafer Infante,Niv. 33 - 41,Bosque de Litneg,Llanuras de Cania,25,N,0,Y,N
Cocodranel- la perfumada,Cocodrail,Niv. 42 - 50,Pantanos Nauseabundos ,Montaña de los Koalaks,25,N,0,Y,N
Crustérix- el Viajante,Crustoral Mohito,Niv. 36 - 48,Playa de Coral,Isla de Otomai,25,N,0,Y,N
Crustodralí- el Bigotudo,Crustoral Malibut,Niv. 36 - 48,Playa de Coral,Isla de Otomai,25,N,0,Y,N
Crustoriyama- el Boludo,Crustoral Kuraçao,Niv. 36 - 48,Playa de Coral,Isla de Otomai,25,N,0,Y,N
Doomba- el Inimitable,Boomba,Niv. 82 - 90,Camino de los Cráneos,Isla de Moon,25,N,0,Y,N
Dragamenón- el Destructroyer,Dragopavo Pelirrojo Salvaje,Niv. 60 - 72,Territorio de los Dragopavos Salvajes,Montaña de los Koalaks,25,N,0,Y,N
Escarálibur- la Legendaria,Escarato,Niv. 110 - 118,Laberinto del Minotauroro,Isla de Minotauroro,25,N,0,Y,N
Larvado- el Limpio,Larva Amarilla,Niv. 16 - 20,Praderas de Astrub,Astrub,25,N,0,Y,N
Ratokio de Alcontel- la Despeinada,Rata de alcantarilla enferma,Niv. 22 - 30,Alcantarillas de Astrub,Astrub,25,N,0,Y,N
Scorbuthoveen- el Sordo,Scorbuto,Niv. 62 - 70,Tierras desoladas de Sidimote,Landas de Sidimote,25,N,0,Y,N
Trroncky III- el Tigre,Tronkónido,Niv. 33 - 45,Linde del bosque de los Abráknidos,Bosque de los Abráknidos,25,N,0,Y,N
Abubanero- el Naranja,Abub ,Niv. 35 - 47,Pueblo de los Dopeuls,Llanuras de Cania,26,N,0,Y,N
Abustin Pawits- el Bocasucia,Abuelito Wabbit ,Niv. 52 - 60,Islote La Cowona,Archipiélago Wabbit,26,N,0,Y,N
Amlobdovar- el Movidista,Amlub,Niv. 35 - 47,Bahía de Cania,Llanuras de Cania,26,N,0,Y,N
Araklas Mausus- el Encofiado,Arakna Mayor,Niv. 40 - 48,Bosque Maléfico,Amakna,26,N,0,Y,N
Caballagami Pueryukazo- el Aburrido,Caballero Puerkazo,Niv. 42 - 50,Llanura de los Puerkazos ,Llanuras de Cania,26,N,0,Y,N
Chaferditos- los Tres,Chafer Arquero,Niv. 42 - 50,Bosque Maléfico,Amakna,26,N,0,Y,N
Chagüer Langers- los Coloridos,Chafer Lancero,Niv. 42 - 50,Bosque de Litneg,Llanuras de Cania,26,N,0,Y,N
Codembolia- el Obstructor,Codem,Niv. 35 - 47,Bahía de Cania,Llanuras de Cania,26,N,0,Y,N
Crusthórpal- Passian el Submarino,Crustoral Passaoh,Niv. 36 - 48,Playa de Coral,Isla de Otomai,26,N,0,Y,N
Florista la Caníbal,Floristilo,Niv. 102 -110,Plantala,Isla de Pandala,26,N,0,Y,N
Gínsenk- el Estimulante,Gink,Niv. 35 - 47,Pueblo de los Dopeuls,Llanuras de Cania,26,N,0,Y,N
Herranor- el Pizzaiolo,Herrero Oscuro,Niv. 41 - 53,Territorio de los Bandidos,Amakna,26,N,0,Y,N
Kiravel- el Artesano,Kirevam,Niv. 35 - 47,Bahía de Cania,Llanuras de Cania,26,N,0,Y,N
Kokotel- el Agitado,Kokoko ,Niv. 42 - 50,PlayaTortuga,Isla de Moon,26,N,0,Y,N
Led Empling- el Ascensorista,Let Emoliug,Niv. 35 - 47,Bahía de Cania,Llanuras de Cania,26,N,0,Y,N
Nelgibson- el Letal,Nebgib,Niv. 35 - 47,Pueblo de los Dopeuls,Llanuras de Cania,26,N,0,Y,N
Nipultay Dea- el Poco Inspirado,Nipul,Niv. 35 - 47,Pueblo de los Dopeuls,Llanuras de Cania,26,N,0,Y,N
Osurce Kodes- el Problemático,Osurc,Niv. 35 - 47,Pueblo de los Dopeuls,Llanuras de Cania,26,N,0,Y,N
Sushij- el Makisan,Susej,Niv. 35 - 47,Bahía de Cania,Llanuras de Cania,26,N,0,Y,N
Wabibip Woyote- el Persistente,Wabbit Wodo,Niv. 52 - 60,Islote La Cowona,Archipiélago Wabbit,26,N,0,Y,N
Abrakadabra- el Pata de Kabra,Abraknido Venerable ,Niv. 74 - 86,Bosque Oscuro,Bosque de los Abráknidos,27,N,0,Y,N
Chafernan D'alonzo- el Nano,Chafer de Élite,Niv. 42 - 50,Cementerio de los Torturados,Brakmar,27,N,0,Y,N
Chamadkasas- la Desesperada,Chamán de las Alcantarillas,Niv. 52 - 60,Alcantarillas de Bonta,Bonta,27,N,0,Y,N
Crujidilo Dundee- el Australiano,Crujidor de las Llanuras,Niv. 62 - 70,Llanuras Rocosas,Llanuras de Cania,27,N,0,Y,N
Crujlieta- la Veronesa,Crujibola Pulío,Niv. 93 - 105,Llanuras Herbosas,Isla de Otomai,27,N,0,Y,N
DoK Ok- el Gasterópodo,DoK Alako,Niv. 70 - 78,Lagos Encantados ,Montaña de los Koalaks,27,N,0,Y,N
El Strat- el Vampiro,La Stropajo,Niv. 32 - 40,Cementerio de Astrub,Astrub,27,N,0,Y,N
El Stronyjok- el Pajarillo,El Stropajo,Niv. 32 - 40,Cementerio de Astrub,Astrub,27,N,0,Y,N
El Strópala Otravez- el Sam,Stropajo Turbado,Niv. 92 - 104,Turbera sin Fondo,Isla de Otomai,27,N,0,Y,N
Jabulio de la Llanesias- el Portero,Jabali de las llanuras,Niv. 40 - 48,Llanura de los Puerkazos ,Llanuras de Cania,27,N,0,Y,N
Kanábolo- el Rubio,Kaníbola Jav,Niv. 52 - 60,Bosque de las Máscaras,Isla de Moon,27,N,0,Y,N
Kanníbal- el Lector,Kaníbola Arquero,Niv. 52 - 60,Bosque de las Máscaras,Isla de Moon,27,N,0,Y,N
Kokajín- el Calvo,Koalak Inmaduro,Niv. 60 - 68,Lagos Encantados ,Montaña de los Koalaks,27,N,0,Y,N
Kukumina la Violenta,Kukumi,Niv. 122 - 132,Akwadala,Isla de Pandala,27,N,0,Y,N
Maestrónomo- el Estrellado,Maestro Boletus,Niv. 62 - 70,Caminos Rocosos,Llanuras de Cania,27,N,0,Y,N
Minocontavan Konm'astuzia- el Colorado,Minovillo,Niv. 120 - 128,Laberinto del Minotauroro,Isla del Minotauroro,27,N,0,Y,N
Palmifred Passteroh- el Bailarín,Palmiflor Passaoh,Niv. 37 - 49,Playa de Coral,Isla de Otomai,27,N,0,Y,N
Palmila- la Vigilante,Palmiflor Mohito,Niv. 37 - 49,Playa de Coral,Isla de Otomai,27,N,0,Y,N
Palmiscor Pions- los Amantes,Palmiflor Malibut,Niv. 37 - 49,Playa de Coral,Isla de Otomai,27,N,0,Y,N
Raninia la Buena,Ranúfar,Niv. 102 - 110,Plantala,Isla de Pandala,27,N,0,Y,N
Akujune el Capado,Kojonuki,Niv. 122 -130,Tierradala,Isla de Pandala,28,N,0,Y,N
Cortazador- el Inconformista,Coralador,Niv. 38 - 50,Playa de Coral,Isla de Otomai,28,N,0,Y,N
Peluca la Suavita,Almejillón,Niv. 42 - 50,Ribera del golfo de Sufokeño,Bahía de Sufokia,28,N,0,Y,N
Vetaurino el Energizado,Vetorano,Niv. 66 - 74,Caminos Rocosos,Llanuras de Cania,28,N,0,Y,N
Dragrogui- el Ebrio,Draguirritado,Niv. 112 - 120,Santuario de los Dragohuevos,Amakna,28,N,0,Y,N
Kwakamole el Apetitoso,Kwak de Tierra,Niv. 42 - 50,La montaña de los Crujidores,Amakna,28,N,0,Y,N
Serranito el Montadito,Cerdo Serrano,Niv. 80 - 92,El laberinto del Dragocerdo,Laberinto del Dragocerdo,28,N,0,Y,N
Kwakaolatt el Chocolateado,Kawak de Llamas,Niv. 42 - 50,La montaña de los Crujidores,Amakna,28,N,0,Y,N
Kwakawático el Mojado,Kwak de Hielo,Niv. 42 - 50,La montaña de los Crujidores,Amakna,28,N,0,Y,N
Kwakeado el Pirateado,Kwak de Viento,Niv. 42 - 50,La montaña de los Crujidores,Amakna,28,N,0,Y,N
Kakai el Ensuciado,Kuakai,Niv. 122 - 130,Akwadala,Isla de Pandala,28,N,0,Y,N
Kanibúlrich Lars- el Metálico,Kaníbola Fipi,Niv. 52 - 60,Bosque de las Máscaras,Isla de Moon,28,N,0,Y,N
Klaidíbola Cerbarrow- la Otra Mitad,Kaníbola Cerbat,Niv. 52 - 60,Bosque de las Máscaras,Isla de Moon,28,N,0,Y,N
Kuantista el Incomprendido,Kuanuto,Niv. 122 - 130,Akwadala,Isla de Pandala,28,N,0,Y,N
Kuapánfilo el Intelectual,Kuapatán,Niv. 122 - 131,Akwadala,Isla de Pandala,28,N,0,Y,N
Palmiró- el Tetradimensional,Palmiflor Kuraçao,Niv. 37 - 49,Playa de Coral,Isla de Otomai,28,N,0,Y,N
Rafa de Alnadalillas- el Canibal,Rata de Alcantarilla,Niv. 52 - 60,Alcantarillas de Bonta,Bonta,28,N,0,Y,N
Raúl Cera- la Péptica,Raúl Mops,Niv. 42 - 50,Ribera del golfo de Sufokeño,Bahía de Sufokia,28,N,0,Y,N
Serpistol- el Afónico,Serpipluma,Niv. 120 - 128,Laberinto del Minotauroro,Isla del Minotauroro,28,N,0,Y,N
Uginukem- el Duque,Uginak,Niv. 42 - 50,Cementerio de los Torturados,Brakmar,28,N,0,Y,N
Barbrétzel- el Salado,Barbrusa ,Niv. 58 - 70,Arca de Otomai,Isla de Otomai,29,N,0,Y,N
Cañón Dorzuelo- el Doloroso,Cañon Dorf,Niv. 82 - 90,Camino de los Cráneos,Isla de Moon,29,N,0,Y,N
Dragkuín- el Disfrazado,Dragohuevo Arcilloso,Niv. 62 - 70,Península de los Dragohuevos,Amakna,29,N,0,Y,N
Dragmocles- el Fatalista,Dragohuevo Pizarroso,Niv. 62 - 70,Península de los Dragohuevos,Amakna,29,N,0,Y,N
Drajoanito- el Rojo,Dragohuevo Carbonoso,Niv. 62 - 70,Península de los Dragohuevos,Amakna,29,N,0,Y,N
Dreggeatón- el Latino,Dragohuevo Calizo,Niv. 62 - 70,Península de los Dragohuevos,Amakna,29,N,0,Y,N
Fantasma Arepopins- la Niñera,Fantasma Sesino,Niv. 42 - 50,Afueras de Brakmar,Brakmar,29,N,0,Y,N
Fantasmarley- el Rastafari,Fantasma de Aperitubo,Niv. 42 - 50,Afueras de Brakmar,Brakmar,29,N,0,Y,N
Fantastle Vániante- el Matavampiros,Fantasma Nimado,Niv. 42 - 50,Afueras de Brakmar,Brakmar,29,N,0,Y,N
Fanthraks- el Acomplejado,Fantasma Corazado,Niv. 42 - 50,Afueras de Brakmar,Brakmar,29,N,0,Y,N
Jikitita la Moldeada,Senojiki,Niv. 122 - 130,Tierradala,Isla de Pandala,29,N,0,Y,N
Koalako- el Pato,Koalak Índigo,Niv. 80 - 88,Cañón Salvaje,Montaña de los Koalaks,29,N,0,Y,N
Koalalia- el Mudo,Koalak Coco,Niv. 80 - 88,Cañón Salvaje,Montaña de los Koalaks,29,N,0,Y,N
Koalugok- el Pato,Koalak Guinda,Niv. 80 - 88,Cañón Salvaje,Montaña de los Koalaks,29,N,0,Y,N
Koaluik- el Pato,Koalak Reineta,Niv. 80 - 88,Cañón Salvaje,Montaña de los Koalaks,29,N,0,Y,N
Merkxguerrita- el Ogro,Marguerrita,Niv. 125 - 137,Oscura Jungla,Isla de Otomai,29,N,0,Y,N
Nakúmbat- el Mortal,Notyebra,Niv. 82 - 90,Camino de los Cráneos,Isla de Moon,29,N,0,Y,N
Nieruba- el Poeta,Nierba,Niv. 126 - 138,Oscura Jungla,Isla de Otomai,29,N,0,Y,N
Ratila- el Huno,Rata Hyoactiva,Niv. 52 - 60,Alcantarillas de Bonta,Bonta,29,N,0,Y,N
Sparito- el Feo,Sparo,Niv. 57 - 69,Arca de Otomai,Isla de Otomai,29,N,0,Y,N
Crujíbaro- el Tzantza,Crujidor Pulío,Niv. 96 - 108,Llanuras Herbosas,Isla de Otomai,30,N,0,Y,N
Larvidriosa la Emocionada,Larva Campestre,Niv. 56 - 64,Campos de Cania,Llanuras de Cania,30,N,0,Y,N
Patón el Metido,Zumbobo,Niv. 51 - 59,Campos de Cania,Llanuras de Cania,30,N,0,Y,N
Fuflé el Desinflado,Fuxfaigter,Niv. 64 - 72,Caminos Rocosos,Llanuras de Cania,30,N,0,Y,N
Patata la Inmortalizada,Ratón Verde,Niv. 54 - 62,Campos de Cania,Llanuras de Cania,30,N,0,Y,N
Huerfeliz el Encantador,Huerfelino,Niv. 151 - 159,Dientes de Piedra,Llanuras de Cania,30,N,0,Y,N
Tigredo el Rápido ,Tigredón,Niv. 150 - 158,Dientes de Piedra,Llanuras de Cania,30,N,0,Y,N
Alhienado el Enajenado,Alhiena,Niv. 152 - 160,Dientes de Piedra,Llanuras de Cania,30,N,0,Y,N
Highia la Golosa,Highiena,Niv. 150 - 158,Dientes de Piedra,Llanuras de Cania,30,N,0,Y,N
Kanubirra la Fuerte,Kanublú,Niv. 151 - 159,Dientes de Piedra,Llanuras de Cania,30,N,0,Y,N
Guerred-Fish- el Cortés,Guerrero Koalak,Niv. 100 - 112,Valle de la Muertekemata,Montaña de los Koalaks,30,N,0,Y,N
Jefe Cocolumbo- el Detective,Jefe Cocodrail,Niv. 61 - 77,Pantanos Nauseabundos,Montaña de los Koalaks,30,N,0,Y,N
Kánudalf- el Kanoso,Kanugro,Niv. 62 - 70,Caminos Rocosos,Llanuras de Cania,30,N,0,Y,N
Kidoloroso- del Calmante,Kido,Niv. 95 - 107,Llanuras Herbosas,Isla de Otomai,30,N,0,Y,N
Kílibrill vol.2- el Vengativo,Kilibris,Niv. 98 - 110,Llanuras Herbosas,Isla de Otomai,30,N,0,Y,N
Mafaldragosa- la Hermana pequeña,Dragosa,Niv. 112 - 120,Santuario de los Dragohuevos,Amakna,30,N,0,Y,N
Miluigi- el Fontanero,Mediulubo,Niv. 92 - 100,Altos de los Aullidos,Landas de Sidimote,30,N,0,Y,N
Munchfavard- el Gritador,Mufafah,Niv. 94 - 106,Llanuras Herbosas,Isla de Otomai,30,N,0,Y,N
Paketeru el Impresionante,Mazaishi,Niv. 122 - 130,Tierradala,Isla de Pandala,30,N,0,Y,N
Tufóbico- el Miedoso,Tufo de las Llanuras,Niv. 97 - 109,Llanuras Herbosas,Isla de Otomai,30,N,0,Y,N
Abrakeponerse- el Optimista,Abráknido Oscuro ,Niv. 78 - 90,Bosque Oscuro,Bosque de los Abráknidos,31,N,0,Y,N
Ábrakin- el Oscuro,Abrakno Oscuro ,Niv. 80 - 92,Bosque Oscuro,Bosque de los Abráknidos,31,N,0,Y,N
Botalak Cabalgator- el Ingenioso,Koalak Cabalgador,Niv. 102 - 114,Cementerio Primitivo,Montaña de los Koalaks,31,N,0,Y,N
Diszápulo Delzoih- el Profeta,Discípulo Zoth,Niv. 114 - 126,Pueblo de la Canopea,Isla de Otomai,31,N,0,Y,N
Drakójak- el Piruletas,Dragnarok,Niv. 112 - 120,Santuario de los Dragohuevos,Amakna,31,N,0,Y,N
Dreghouse- el Cínico,Dragandrop,Niv. 112 - 120,Santuario de los Dragohuevos,Amakna,31,N,0,Y,N
Esquenosé- el Indeciso,Esquejika,Niv. 127 - 139,Oscura Jungla,Isla de Otomai,31,N,0,Y,N
Kenoikenó el Negativo,Ino-naru,Niv. 132 - 140,Airedala,Isla de Pandala,31,N,0,Y,N
Koalúkyluk- el Solitario,Koalak Forestal,Niv. 80 - 88,Bosque de Kaliptos,Montaña de los Koalaks,31,N,0,Y,N
Kurogordu el Imponente,Kurookin,Niv. 132 - 140,Airedala,Isla de Pandala,31,N,0,Y,N
Lichangora la Inmaculada,Gorolichang,Niv. 132 - 140,Airedala,Isla de Pandala,31,N,0,Y,N
Mamachichu la Exuberante,Mamanuki,Niv. 122 - 130,Tierradala,Isla de Pandala,31,N,0,Y,N
Mospetero- el Triple,Mopet,Niv. 143 - 155,Tronco del Árbol Hakam,Isla de Otomai,31,N,0,Y,N
Onicienta- la de Medianoche,Oni,Niv. 75,Bosque Maléfico,Amakna,31,N,0,Y,N
Peketchup- el Hamburguesero,Pekewalak,Niv. 80 - 88,Lagos Encantados ,Montaña de los Koalaks,31,N,0,Y,N
Piralhaka- el Maorí,Piralak,Niv. 80 - 88,Lagos Encantados ,Montaña de los Koalaks,31,N,0,Y,N
Sepaulturero Kleealak- el Arquitecto,Koalak Sepulturero,Niv. 100 - 112,Cementerio Primitivo,Montaña de los Koalaks,31,N,0,Y,N
Tofofo- el Blandito,Tufo Oscuro,Niv. 130 - 142,Oscura Jungla,Isla de Otomai,31,N,0,Y,N
Warkamole- el Apetitoso,Warko Marrón,Niv. 74 - 82,Cañón Salvaje,Montaña de los Koalaks,31,N,0,Y,N
Zampatávoro- el Miliano,Zampávoro,Niv. 92 - 100,Jungla Prohibida,Isla de Moon,31,N,0,Y,N
Abrajinieves- el Enanito,Abrajidor oscuro ,Niv. 131 - 143,Oscura Jungla,Isla de Otomai,32,N,0,Y,N
Barrostroporosis- el Frágil,Barrostropajo ,Niv. 100 - 112,Turbera sin Fondo,Isla de Otomai,32,N,0,Y,N
Chavala Zotaina- la Castigadora,Chavala Zoth,Niv. 117 - 129,Pueblo de la Canopea,Isla de Otomai,32,N,0,Y,N
Dientetris- el Inolvidable,Diente Pe-león,Niv. 128 - 140,Oscura Jungla,Isla de Otomai,32,N,0,Y,N
Dragore- el Sangriento,Dragoss Carbonoso,Niv. 92 - 100,Pueblo de los Dragohuevos,Amakna,32,N,0,Y,N
Dragoss To- el Caluroso,Dragoss Arcilloso,Niv. 92 - 100,Pueblo de los Dragohuevos,Amakna,32,N,0,Y,N
Dragoss&Dungeoss- el Original,Dragoss Calizo,Niv. 92 - 100,Pueblo de los Dragohuevos,Amakna,32,N,0,Y,N
Drakolakao- el Sabroso, Drakoalak,Niv. 90 - 98,Cañón Salvaje,Montaña de los Koalaks,32,N,0,Y,N
Fangshui la Parónima,Fangshu,Niv. 132 - 140,Airedala,Isla de Pandala,32,N,0,Y,N
Florivera- el Muralista,Floribundo,Niv. 129 - 141,Oscura Jungla,Isla de Otomai,32,N,0,Y,N
Guerreynor Zothia- la Superviviente,Guerrero Zoth,Niv. 120 - 132,Pueblo de la Canopea,Isla de Otomai,32,N,0,Y,N
Jopetas el Mojado,Petafux,Niv. 132 - 140,Fuegodala,Isla de Pandala,32,N,0,Y,N
Koayak- el Destripador,Koalak Salvaje,Niv. 104 - 116,Valle de la Muertekemata,Montaña de los Koalaks,32,N,0,Y,N
Koelloks- el Cerealista,Koalak Sanguíneo,Niv. 102 - 114,Valle de la Muertekemata,Montaña de los Koalaks,32,N,0,Y,N
Ledrag- el Ognat,Dragoss Pizarroso,Niv. 92 - 100,Pueblo de los Dragohuevos,Amakna,32,N,0,Y,N
Lodontólogo- el Sonriente,Lodostropajo,Niv. 95 - 107,Turbera sin Fondo,Isla de Otomai,32,N,0,Y,N
Mamoon- el Grande,Mamá Koalak,Niv. 90 - 98,Cañón Salvaje,Montaña de los Koalaks,32,N,0,Y,N
Momíller Frának- el Umbrío,Momia Koalak,Niv. 106 - 118,Cementerio Primitivo,Montaña de los Koalaks,32,N,0,Y,N
Siegálaher- los Chulos,Siegalak,Niv. 108 - 120,Valle de la Muertekemata,Montaña de los Koalaks,32,N,0,Y,N
Warjamer- el Miniaturista,Warko Violeta,Niv. 106 - 118,Valle de la Muertekemata,Montaña de los Koalaks,32,N,0,Y,N
Abroesidor- el Navegante,Abrajidor Claro ,Niv. 150 - 162,Tronco del Árbol Hakam,Isla de Otomai,33,N,0,Y,N
Chalbis- el King,Champbis,Niv. 172 - 180,Caverna de los Fongos,Landas de Sidimote,33,N,0,Y,N
Champacné- el Granitos,Champáknido,Niv. 172 - 180,Territorio de los Fongos,Landas de Sidimote,33,N,0,Y,N
Champli- el Sonoro,Champidonte,Niv. 172 - 180,Caverna de los Fongos,Landas de Sidimote,33,N,0,Y,N
Don Kizoth- el Obstinado,Maestro Zoth,Niv. 126 - 138,Pueblo de la Canopea,Isla de Otomai,33,N,0,Y,N
Escupefistro el Torpedo,Escupefux,Niv. 132 - 140,Fuegodala,Isla de Pandala,33,N,0,Y,N
Sabeké la Vendedora,Tsukinoichi,Niv. 152 - 160,Cementerio de Grobe,Isla de Grobe,33,N,0,Y,N
Tambulé el Gastrónomo,Tamburái,Niv. 152 - 160,Cementerio de Grobe,Isla de Grobe,33,N,0,Y,N
Samurrancyo el Senil,Jiangshi-Nobi,Niv. 152 - 160,Cementerio de Grobe,Isla de Grobe,33,N,0,Y,N
Melokomitó la Saciada,Onabu-Geisha,Niv. 152 - 160,Cementerio de Grobe,Isla de Grobe,33,N,0,Y,N
Grambadabum el Elemental,Bumbardero,Niv. 132 - 140,Fuegodala,Isla de Pandala,33,N,0,Y,N
Kasrafantásol- el Parapsicólogo,Kasrakol,Niv. 146 - 162,Tronco del Árbol Hakam,Isla de Otomai,33,N,0,Y,N
Maestro Peado- la Cuenta,Maestro Koalak,Niv. 108 - 120,Cementerio Primitivo,Montaña de los Koalaks,33,N,0,Y,N
Pohozí- el Jorobado,Pohoyo,Niv. 142 - 158,Tronco del Árbol Hakam,Isla de Otomai,33,N,0,Y,N
Sargende Michael- el Narrador,Sargento Zoth,Niv. 123 - 135,Pueblo de la Canopea,Isla de Otomai,33,N,0,Y,N
Setal Slugdor- el Exterminador,Setador,Niv. 172 - 180,Caverna de los Fongos,Landas de Sidimote,33,N,0,Y,N
Setsa'n Desiti- la Amistosa,Seta peleona,Niv. 172 - 180,Caverna de los Fongos,Landas de Sidimote,33,N,0,Y,N
Trompsosis- el Cardiaco,Trompseta,Niv. 172 - 180,Territorio de los fongos,Landas de Sidimote,33,N,0,Y,N
Troolbin- el de los Bolsquels,Trooloko,Niv. 112 - 120,Bosque de Litneg,Llanuras de Cania,33,N,0,Y,N
Tufaldo Aréneo- el Marielito,Tufo Aéreo,Niv. 144 - 160,Tronco del Árbol Hakam,Isla de Otomai,33,N,0,Y,N
Tsumani el Inundador,Tsume-bozu,Niv. 162 - 170,Monte de las Tumbas,Isla de Grobe,34,N,0,Y,N
Kaonuclear el Inestable,Kaonashi,Niv. 152 - 160,Monte de las Tumbas,Isla de Grobe,34,N,0,Y,N
Majarola el Doctor,Majaro,Niv. 162 - 170,Monte de las Tumbas,Isla de Grobe,34,N,0,Y,N
Bakazhielo el congelado,Bakazako,Niv. 162 - 170,Monte de las Tumbas,Isla de Grobe,34,N,0,Y,N
Reyuna- el Dibujante,Rey Stropajo,Niv. 192 - 200,Turbera sin Fondo,Isla de Otomai,34,N,0,Y,N
Rojevita la Pequeña,Rojiva,Niv. 132 - 140,Fuegodala,Isla de Pandala,34,N,0,Y,N
Blop Coco Real,Blops,Niv. 60,Lago de Cania,Llanuras de Cania,17,N,0,N,Y
Blop Guinda Real,Blops,Niv. 60,Lago de Cania,Llanuras de Cania,17,N,0,N,Y
Blop Índigo Real,Blops,Niv. 60,Lago de Cania,Llanuras de Cania,17,N,0,N,Y
Blop Reineta Real,Blops,Niv. 60,Lago de Cania,Llanuras de Cania,17,N,0,N,Y
Bworka,Bworks,Niv. 50,Pueblo de los Bworks,Amakna,17,N,0,N,Y
Deminobola,Minos,Niv. 108 - 120,Isla del Minotauroro,Isla del Minotauroro,17,N,0,N,Y
Dragocerdo,Cerdos,Niv. 100,Territorio de los Porcos,Amakna,17,N,0,N,Y
Escarajefe Dorado,Escarahojas,Niv. 40,Llanura de los Escarahojas,Amakna,17,N,0,N,Y
Gelatina Real Azul,Gelatinas,Niv. 60,Gelaxta Dimensión,Amakna,17,N,0,N,Y
Gelatina Real de Menta,Gelatinas,Niv. 60,Gelaxta Dimensión,Amakna,17,N,0,N,Y
Girasol Hambriento,Plantas de los campos,Niv. 20,Campos de Astrub,Astrub,17,N,0,N,Y
Jalató Real,Jalatós,Niv. 30,Tainela,Astrub,17,N,0,N,Y
Minotauroro,Minos,Niv. 120,Isla del Minotauroro,Isla del Minotauroro,17,N,0,N,Y
Mob Lasponja,Pischis,Niv. 20,Calas de Astrub,Astrub,17,N,0,N,Y
Mominotauro,Minos,Niv. 108 - 120,Isla del Minotauroro,Isla del Minotauroro,17,N,0,N,Y
Rata Blanca,Monstruos de las alcantarillas,Niv. 110 - 150,Barrio de los Joyeros,Bonta,17,N,0,N,Y
Rata Negra,Monstruos de las alcantarillas,Niv. 110 - 150,Barrio de los Panaderos,Brakmar,17,N,0,N,Y
Shin Larva,Larvas,Niv. 50,La montaña de los Crujidores,Amakna,17,N,0,N,Y
Tofu Real,Tofus,Niv. 120,Campos de Ingals,Amakna,17,N,0,N,Y
Wabbit GM,Wabbits,Niv. 80,Subterráneos de los Wabbits,Archipiélago Wabbit,17,N,0,N,Y
Abráknido Ancestral,Abraknídeos,Niv. 90,Bosque Oscuro,Bosque de los Abráknidos,18,N,0,N,Y
Blop Multicolor Real,Gelatinas,Niv. 120,Lago de Cania,Llanuras de Cania,18,N,0,N,Y
Coralador Magistral,Monstruos de la playa de coral,Niv. 50,Playa Coral,Isla de Otomai,18,N,0,N,Y
Crujidor Legendario,Crujidores,Niv. 70,La montaña de los Crujidores,Amakna,18,N,0,N,Y
Gelatina Real de Fresa,Gelatinas,Niv. 60,Gelaxta Dimensión,Amakna,18,N,0,N,Y
Guardiana de alcantarilla,Monstruos de las Alcantarillas,Niv. 145 - 165,Alcantarillas,Varios,18,N,0,N,Y
Gurlo el Terrible,Monstruos del arca de Otomai,Niv. 70,Tubera sin Fondo,Isla de Otomai,18,N,0,N,Y
Hanshi,Kozarus,Niv. 140,Airedala,Pandala,18,N,0,N,Y
Hell Mina, Monstruos de la noche,Niv. 140,bosque Maléfico,Amakna,18,N,0,N,Y
Maestro Cuerbok,Cuerboks,Niv. 110 - 220,Morada de Cuerbok,Llanuras de Cania,18,N,0,N,Y
Maxilubo,Milubos,Niv. 100,Altos de los Aullidos,Landas de Sidimote,18,N,0,N,Y
Moon,Monstruos de la Jungla Prohibida,Niv. 100,Isla de Moon,Jungla Prohibida,18,N,0,N,Y
Skonk, Monstruos de las cuevas,Niv. 120,Valle de la Muertekemata,Montaña de los Koalaks,18,N,0,N,Y
Tanukui San,Tanukis,Niv. 130,Tierradala,Pandala,18,N,0,N,Y
Trankitronko, Monstruos de las cuevas,Niv. 100,Cañón Salvaje,Montaña de los Koalaks,18,N,0,N,Y
Tynril Absorto,Monstruos de la Oscura Jungla,Niv. 140 - 280,Jungla Oscura,Isla de Otomai,18,N,0,N,Y
Tynril Atónito,Monstruos de la Oscura Jungla,Niv. 140 - 280,Jungla Oscura,Isla de Otomai,18,N,0,N,Y
Tynril Estupefacto,Monstruos de la Oscura Jungla,Niv. 140 - 280,Jungla Oscura,Isla de Otomai,18,N,0,N,Y
Tynril Pérfido,Monstruos de la Oscura Jungla,Niv. 140 - 280,Jungla Oscura,Isla de Otomai,18,N,0,N,Y
Wey Wabbit,Wabbits,Niv. 60,Islote la Cowona,Archipiélago Wabbit,18,N,0,N,Y
Bworker,Bworks,Niv. 180,Gisgul,Landas de Sidimote,19,N,0,N,Y
Cocabulia,Dragohuevos protectores,Niv. 120,Península de los Dragohuevos,Amakna,19,N,0,N,Y
Funámbola,Firefux,Niv. 132 - 140,Fuegodala,Pandala,19,N,0,N,Y
Gelatina Real de Limón,Gelatinas,Niv. 60,Gelaxta Dimensión,Amakna,19,N,0,N,Y
Kimbo,Monstruos del árbol Hakam,Niv. 160,Las ramas del árbol Hakam,Isla de Otomai,19,N,0,N,Y
Minotot,Minos,Niv. 160,Isla del Minotauroro,Isla del Minotauroro,19,N,0,N,Y
Roble Blando,Abraknídeos,Niv. 140,Bosque Oscuro,Bosque de los Abráknidos,19,N,0,N,Y
Sfinter Cell,Monstruos de las alcantarillas,Niv. 150,Castillo de Amakna,Amakna,19,N,0,N,Y
Silf el Rasgabola Mayor,Monstruos de las Llanuras Herbosas,Niv. 110,Llanuras Herbosas,Isla de Otomai,19,N,0,N,Y
Thor Pestruz,Pestruces,Niv. 130,Circo de Cania,Llanuras de Cania,19,N,0,N,Y
Ugah,Fongos,Niv. 180,Territorio de los Fongos,Landas de Sidimote,19,N,0,N,Y
Ratón Gris,NONE,Niv. 1,Criptas del Cementerio ,Amakna,1,N,0,N,N
Moskito,NONE,Niv. 16 - 20,Linde del Bosque Maléfico,Amakna,1,N,0,N,N
Arakna ,NONE,Niv. 16 - 20,Alrededores de Isla de Pandala- Bosque Maléfico- Pueblo de Isla de Pandala- Campo de Amakna,Varias,1,N,0,N,N
Jalatín Blanco,NONE,Niv. 22 - 30,Rincón de los Jalatós- Tainela,Amakna,1,N,0,N,N
Jalatín Negro,NONE,Niv. 22 - 30,Rincón de los Jalatós- Tainela,Amakna,1,N,0,N,N
Tofu Maléfico,NONE,Niv. 32 - 40,Bosque Maléfico,Amakna,1,N,0,N,N
Arakna Enferma ,NONE,Niv. 11 - 15,Subterráneos de Astrub,Astrub,1,N,0,N,N
Pío Azul,NONE,Niv. 11 - 15,Sufokia,Bahía de Sufokia,1,N,0,N,N
Pío Amarillo,NONE,Niv. 11 - 15,Sufokia,Bahía de Sufokia,1,N,0,N,N
Pío Rojo,NONE,Niv. 11 - 15,Fortificación de Bonta,Bonta,1,N,0,N,N
Pío Verde,NONE,Niv. 11 - 15,Sufokia,Bahía de Sufokia,1,N,0,N,N
Pío Violeta,NONE,Niv. 11 - 15,Sufokia,Bahía de Sufokia,1,N,0,N,N
Llamita Aire,NONE,Niv. 34 - 42,Llanura de los escarahojas,Amakna,1,N,0,N,N
Llamita Agua,NONE,Niv. 34 - 42,Llanura de los escarahojas,Amakna,1,N,0,N,N
Llamita Fuego,NONE,Niv. 34 - 42,Llanura de los escarahojas,Amakna,1,N,0,N,N
Llamita Tierra,NONE,Niv. 34 - 42,Llanura de los escarahojas,Amakna,1,N,0,N,N
Cangrejo,NONE,Niv. 42 - 50,Ribera del golfo de Sufokeño,Bahía de Sufokia,1,N,0,N,N
Larva Azul,NONE,Niv. 16 - 20,Puerto de Madrestam- Linde del Bosque Maléfico- Praderas de Astrub- Pueblo de Isla de Pandala- Costa del Rano- Río Kawaii,Varias,1,N,0,N,N
Pío Rosa,NONE,Niv. 11 - 15,Sufokia,Bahía de Sufokia,1,N,0,N,N
Tofu,NONE,Niv. 32 - 40,Campo de los Ingals,Amakna,1,N,0,N,N
Tofu Enfermo,NONE,Niv. 11 - 15,Subterráneos de Astrub,Astrub,2,N,0,N,N
Champi Champ,NONE,Niv. 16 - 20,Rincón de los Jalatós,Amakna,2,N,0,N,N
Diente de León Diabólico,NONE,Niv. 16 - 20,Campos de Astrub,Astrub,2,N,0,N,N
Arakna de Alcantarilla,NONE,Niv. 22 - 30,Alcantarillas de Astrub,Astrub,2,N,0,N,N
Bandido Manco,NONE,Niv. 42 - 50,Pasaje hacia Brakmar,Amakna,2,N,0,N,N
Rosa Demoniaca,NONE,Niv. 16 - 20,Campos de Astrub,Astrub,2,N,0,N,N
Gelatina Azul,NONE,Niv. 46 - 62,Península de las Gelatinas,Amakna,2,N,0,N,N
Kwoan ,NONE,Niv. 32 - 40,Bosque Maléfico,Amakna,2,N,0,N,N
Larva Verde,NONE,Niv. 16 - 20,Praderas de Astrub,Astrub,2,N,0,N,N
Jalató,NONE,Niv. 22 - 30,Rincón de los Jalatós,Amakna,2,N,0,N,N
Kólerat ,NONE,Niv. 62 - 70,Tierras desoladas de Sidimote,Landas de Sidimote,2,N,0,N,N
Gelatina de Menta ,NONE,Niv. 50 - 62,Península de las Gelatinas,Amakna,2,N,0,N,N
Larva Naranja,NONE,Niv. 16 - 20,Praderas de Astrub,Astrub,2,N,0,N,N
Panadero Oscuro,NONE,Niv. 35 - 47,Territorio de los Bandidos,Amakna,2,N,0,N,N
Black Pekewabbit ,NONE,Niv. 46 - 54,Isla Zanahowia,Archipiélago Wabbit,2,N,0,N,N
Pekewabbit,NONE,Niv. 41 - 49,Isla Zanahowia,Archipiélago Wabbit,2,N,0,N,N
Pekewabbit Hambriento,NONE,Niv. 40 - 48,Isla Zanahowia,Archipiélago Wabbit,2,N,0,N,N
Girasol Salvaje,NONE,Niv. 16 - 20,Campos de Astrub,Astrub,2,N,0,N,N
Bandido del clan de los Tymadores ,NONE,Niv. 37 - 49,Territorio de los Bandidos,Amakna,2,N,0,N,N
Goblin,NONE,Niv. 20 - 24,Piedemonte de los Crujidores,Amakna,2,N,0,N,N
Nozdekoko,NONE,Niv. 42 - 50,Playa Tortuga,Isla de Moon,3,N,0,N,N
Pekekoko,NONE,Niv. 42 - 50,Playa Tortuga,Isla de Moon,3,N,0,N,N
Kosakepega,NONE,Niv. 92 - 100,Jungla Prohibida,Isla de Moon,3,N,0,N,N
Jabalí,NONE,Niv. 22 - 30,Bosque de Astrub,Astrub,3,N,0,N,N
Champo Verde,NONE,Niv. 35 - 43,Claro de Brus Bulguro,Amakna,3,N,0,N,N
Calawaza,NONE,Niv. 25 - 45,Bosque Maléfico,Amakna,3,N,0,N,N
Vampiro,NONE,Niv. 32 - 40,Criptas del Cementerio ,Amakna,3,N,0,N,N
Biblpo Coco,NONE,Niv. 24 - 28,Lago de Cania,Llanuras de Cania,3,N,0,N,N
Biblop Guinda,NONE,Niv. 24 - 28,Lago de Cania,Llanuras de Cania,3,N,0,N,N
Biblop Índigo,NONE,Niv. 24 - 28,Lago de Cania,Llanuras de Cania,3,N,0,N,N
Biblop Reineta ,NONE,Niv. 24 - 28,Lago de Cania,Llanuras de Cania,3,N,0,N,N
Cabalgador de Karne,NONE,Niv. 27 - 35,Piedemonte de los Crujidores,Amakna,3,N,0,N,N
Milirrata Strubiense,NONE,Niv. 22 - 30,Alcantarillas de Astrub,Astrub,3,N,0,N,N
Boo ,NONE,Niv. 25 - 29,Pantanos Nauseabundos,Montaña de los Koalaks,3,N,0,N,N
Prespic,NONE,Niv. 22 - 30,Bosque de Astrub,Astrub,3,N,0,N,N
Cochinillo,NONE,Niv. 42 - 50,Llanura de los Puerkazos ,Llanuras de Cania,3,N,0,N,N
Tortuga Amarilla,NONE,Niv. 42 - 50,Playa Tortuga,Isla de Moon,3,N,0,N,N
Wabbit,NONE,Niv. 44 - 52,Isla Zanahowia,Archipiélago Wabbit,3,N,0,N,N
Jefe de Guerra Jalató,NONE,Niv. 22 - 30,Rincón de los Jalatós,Amakna,3,N,0,N,N
Pastor Puerkazo,NONE,Niv. 42 - 50,Llanura de los Puerkazos ,Llanuras de Cania,3,N,0,N,N
Colmillo Blando,NONE,Niv. 62 - 70,Tierras desoladas de Sidimote,Landas de Sidimote,4,N,0,N,N
Floristilo,NONE,Niv. 102 -110,Plantala,Isla de Pandala,4,N,0,N,N
Tortuga Azul,NONE,Niv. 42 - 50,Playa Tortuga,Isla de Moon,4,N,0,N,N
Cuerbok,NONE,Niv. 102 - 110,Morada de Cuerbok,Llanuras de Cania,4,N,0,N,N
Estrella del Mar Rano,NONE,Niv. 42 - 50,Ribera del golfo sufokeño,Bahía de Sufokia,4,N,0,N,N
Pischis Blanco,NONE,Niv. 16 - 20,Calas de Astrub,Astrub,4,N,0,N,N
Pischis Azul,NONE,Niv. 16 - 20,Calas de Astrub,Astrub,4,N,0,N,N
Pischis Naranja,NONE,Niv. 16 - 20,Calas de Astrub,Astrub,4,N,0,N,N
Pischis Verde,NONE,Niv. 16 - 20,Calas de Astrub,Astrub,4,N,0,N,N
Bambuto ,NONE,Niv. 36 - 44,Plantala,Isla de Pandala,4,N,0,N,N
Tortuga Roja,NONE,Niv. 42 - 50,Playa Tortuga,Isla de Moon,4,N,0,N,N
Vampiro Jefe,NONE,Niv. 37 - 49,Criptas del Cementerio ,Amakna,4,N,0,N,N
Minoskito,NONE,Niv. 100 - 108,Isla del Minotauroro,Isla del Minotauroro,4,N,0,N,N
Nujo,NONE,Niv. 20 - 24,Bosque Maléfico,Amakna,4,N,0,N,N
Mililubo,NONE,Niv. 22 - 30,Bosque de Astrub,Astrub,4,N,0,N,N
Mazorral,NONE,Niv. 92 - 100,Jungla Prohibida,Isla de Otomai,4,N,0,N,N
Bulbiflor,NONE,Niv. 38 - 46,Plantala,Isla de Pandala,4,N,0,N,N
Tortuga Verde,NONE,Niv. 42 - 50,Playa Tortuga,Isla de Moon,4,N,0,N,N
Bwork Mago,NONE,Niv. 39 - 51,Bosque Maléfico,Amakna,4,N,0,N,N
Colmillo Blando Rabioso,NONE,Niv. 40,Afueras de Brakmar,Brakmar,4,N,0,N,N
Rosa Oscura,NONE,Niv. 19 - 27,Pastizal de Bonta,Bonta,5,N,0,N,N
Black Wabbit ,NONE,Niv. 42 - 50,Isla Zanahowia,Archipiélago Wabbit,5,N,0,N,N
Minero Oscuro,NONE,Niv. 39 - 51,Territorio de los Bandidos,Amakna,5,N,0,N,N
Bwork Arquero ,NONE,Niv. 37 - 49,Bosque Maléfico,Amakna,5,N,0,N,N
Champo Azul,NONE,Niv. 35 - 43,Claro de Brus Bulguro,Amakna,5,N,0,N,N
Champo Marrón,NONE,Niv. 35 - 43,Claro de Brus Bulguro,Amakna,5,N,0,N,N
Champo Rojo,NONE,Niv. 35 - 43,Claro de Brus Bulguro,Amakna,5,N,0,N,N
Crujibola,NONE,Niv. 62 - 70,La montaña de los Crujidores,Amakna,5,N,0,N,N
Mandrina,NONE,Niv. 100 - 108,Isla del Minotauroro,Isla del Minotauroro,5,N,0,N,N
Mazaishi,NONE,Niv. 122 - 130,Tierradala,Isla de Pandala,5,N,0,N,N
Gárgrola,NONE,Niv. 32 - 40,Cementerio de Astrub,Astrub,5,N,0,N,N
Dragopavo Almendrado Salvaje,NONE,Niv. 55 - 67,Territorio de los Dragopavos Salvajes,Montaña de los Koalaks,5,N,0,N,N
Gelatina de Fresa,NONE,Niv. 54 - 62,Península de las Gelatinas,Amakna,5,N,0,N,N
Abráknido ,NONE,Niv. 38 - 50,Linde del bosque de los Abráknidos,Bosque de los Abráknidos,5,N,0,N,N
Wabbit Esqueleto,NONE,Niv. 48 - 56,Islote Sepultuwa,Archipiélago Wabbit,5,N,0,N,N
Chafer Invisible,NONE,Niv. 25 - 37,Bosque Maléfico,Amakna,5,N,0,N,N
Crujidor,NONE,Niv. 62 - 70,La montaña de los Crujidores,Amakna,5,N,0,N,N
Bwork,NONE,Niv. 44 - 56,Boque Maléfico ,Amakna,5,N,0,N,N
Krameleón ,NONE,Niv. 110 - 118,Isla del Minotauroro,Isla del Minotauroro,5,N,0,N,N
Abrakno ,NONE,Niv. 40 - 52,Linde del bosque de los Abráknidos,Bosque de los Abráknidos,6,N,0,N,N
Blop Coco ,NONE,Niv. 52 - 60,Lago de Cania,Llanuras de Cania,6,N,0,N,N
Blop Guinda ,NONE,Niv. 52 - 60,Lago de Cania,Llanuras de Cania,6,N,0,N,N
Blop Índigo ,NONE,Niv. 52 - 60,Lago de Cania,Llanuras de Cania,6,N,0,N,N
Blop Reineta,NONE,Niv. 52 - 60,Lago de Cania,Llanuras de Cania,6,N,0,N,N
Boomba,NONE,Niv. 82 - 90,Camino de los Cráneos,Isla de Moon,6,N,0,N,N
Cerdo de Farle,NONE,Niv. 90 - 98,El laberinto del Dragocerdo,Laberinto del Dragocerdo,6,N,0,N,N
Chafer,NONE,Niv. 32 - 40,Bosque Maléfico,Amakna,6,N,0,N,N
Chafer Infante,NONE,Niv. 33 - 41,Bosque de Litneg,Llanuras de Cania,6,N,0,N,N
Cocodrail,NONE,Niv. 42 - 50,Pantanos Nauseabundos ,Montaña de los Koalaks,6,N,0,N,N
Escarahoja Azul,NONE,Niv. 34 - 42,Llanura de los Escarahojas,Amakna,6,N,0,N,N
Escarahoja Blanco,NONE,Niv. 34 - 42,Llanura de los Escarahojas,Amakna,6,N,0,N,N
Escarahoja Rojo,NONE,Niv. 34 - 42,Llanura de los Escarahojas,Amakna,6,N,0,N,N
Escarahoja Verde,NONE,Niv. 34 - 42,Llanura de los Escarahojas,Amakna,6,N,0,N,N
Escarato,NONE,Niv. 110 - 118,Laberinto del Minotauroro,Isla de Minotauroro,6,N,0,N,N
Miserata Strubiense,NONE,Niv. 22 - 30,Alcantarillas de Astrub,Astrub,6,N,0,N,N
Pischis Payaso,NONE,Niv. 16 - 20,Castillo de Arena,Astrub,6,N,0,N,N
Rib ,NONE,Niv. 34 - 42,Bosque Maléfico,Amakna,6,N,0,N,N
Scorbuto,NONE,Niv. 62 - 70,Tierras desoladas de Sidimote,Landas de Sidimote,6,N,0,N,N
Tronkónido,NONE,Niv. 33 - 45,Linde del bosque de los Abráknidos,Bosque de los Abráknidos,6,N,0,N,N
Abub ,NONE,Niv. 35 - 47,Pueblo de los Dopeuls,Llanuras de Cania,7,N,0,N,N
Abuelito Wabbit ,NONE,Niv. 52 - 60,Islote La Cowona,Archipiélago Wabbit,7,N,0,N,N
Amlub,NONE,Niv. 35 - 47,Bahía de Cania,Llanuras de Cania,7,N,0,N,N
Arakna Mayor,NONE,Niv. 40 - 48,Bosque Maléfico,Amakna,7,N,0,N,N
Kuakai,NONE,Niv. 122 - 130,Akwadala,Isla de Pandala,7,N,0,N,N
Bulbomatorral,NONE,Niv. 102 - 110,Plantala,Isla de Pandala,7,N,0,N,N
Caballero Puerkazo,NONE,Niv. 42 - 50,Llanura de los Puerkazos ,Llanuras de Cania,7,N,0,N,N
Codem,NONE,Niv. 35 - 47,Bahía de Cania,Llanuras de Cania,7,N,0,N,N
Crustoral Kuraçao,NONE,Niv. 36 - 48,Playa de Coral,Isla de Otomai,7,N,0,N,N
Crustoral Malibut,NONE,Niv. 36 - 48,Playa de Coral,Isla de Otomai,7,N,0,N,N
Crustoral Mohito,NONE,Niv. 36 - 48,Playa de Coral,Isla de Otomai,7,N,0,N,N
Crustoral Passaoh,NONE,Niv. 36 - 48,Playa de Coral,Isla de Otomai,7,N,0,N,N
Dragopavo Pelirrojo Salvaje,NONE,Niv. 60 - 72,Territorio de los Dragopavos Salvajes,Montaña de los Koalaks,7,N,0,N,N
Gink,NONE,Niv. 35 - 47,Pueblo de los Dopeuls,Llanuras de Cania,7,N,0,N,N
Herrero Oscuro,NONE,Niv. 41 - 53,Territorio de los Bandidos,Amakna,7,N,0,N,N
Kirevam,NONE,Niv. 35 - 47,Bahía de Cania,Llanuras de Cania,7,N,0,N,N
Let Emoliug,NONE,Niv. 35 - 47,Bahía de Cania,Llanuras de Cania,7,N,0,N,N
Nebgib,NONE,Niv. 35 - 47,Pueblo de los Dopeuls,Llanuras de Cania,7,N,0,N,N
Nipul,NONE,Niv. 35 - 47,Pueblo de los Dopeuls,Llanuras de Cania,7,N,0,N,N
Wabbit Wodo,NONE,Niv. 52 - 60,Islote La Cowona,Archipiélago Wabbit,7,N,0,N,N
Abraknido Venerable ,NONE,Niv. 74 - 86,Bosque Oscuro,Bosque de los Abráknidos,8,N,0,N,N
Chafer Arquero,NONE,Niv. 42 - 50,Bosque Maléfico,Amakna,8,N,0,N,N
Chafer de Élite,NONE,Niv. 42 - 50,Cementerio de los Torturados,Brakmar,8,N,0,N,N
Chafer Lancero,NONE,Niv. 42 - 50,Bosque de Litneg,Llanuras de Cania,8,N,0,N,N
Crujidor de las Llanuras,NONE,Niv. 62 - 70,Llanuras Rocosas,Llanuras de Cania,8,N,0,N,N
DoK Alako,NONE,Niv. 70 - 78,Lagos Encantados ,Montaña de los Koalaks,8,N,0,N,N
El Stropajo,NONE,Niv. 32 - 40,Cementerio de Astrub,Astrub,8,N,0,N,N
Jabali de las llanuras,NONE,Niv. 40 - 48,Llanura de los Puerkazos ,Llanuras de Cania,8,N,0,N,N
Koalak Inmaduro,NONE,Niv. 60 - 68,Lagos Encantados ,Montaña de los Koalaks,8,N,0,N,N
Kokoko ,NONE,Niv. 42 - 50,PlayaTortuga,Isla de Moon,8,N,0,N,N
La Stropajo,NONE,Niv. 32 - 40,Cementerio de Astrub,Astrub,8,N,0,N,N
Minovillo,NONE,Niv. 120 - 128,Laberinto del Minotauroro,Isla del Minotauroro,8,N,0,N,N
Osurc,NONE,Niv. 35 - 47,Pueblo de los Dopeuls,Llanuras de Cania,8,N,0,N,N
Palmiflor Malibut,NONE,Niv. 37 - 49,Playa de Coral,Isla de Otomai,8,N,0,N,N
Palmiflor Mohito,NONE,Niv. 37 - 49,Playa de Coral,Isla de Otomai,8,N,0,N,N
Palmiflor Passaoh,NONE,Niv. 37 - 49,Playa de Coral,Isla de Otomai,8,N,0,N,N
Fangshu,NONE,Niv. 132 - 140,Airedala,Isla de Pandala,8,N,0,N,N
Ramán de las Alcantarillas,NONE,Niv. 52 - 60,Alcantarillas de Bonta- Alcantarillas de Brakmar- Subterráneos del castillo de Amakna,Varias,8,N,0,N,N
Stropajo Turbado,NONE,Niv. 92 - 104,Turbera sin Fondo,Isla de Otomai,8,N,0,N,N
Susej,NONE,Niv. 35 - 47,Bahía de Cania,Llanuras de Cania,8,N,0,N,N
Crujibola Pulío,NONE,Niv. 93 - 105,Llanuras Herbosas,Isla de Otomai,9,N,0,N,N
Dragmático,NONE,Niv. 112 - 120,Antro de Cocabulia,Amakna,9,N,0,N,N
Dragoss Proteiforme,NONE,Niv. 92 - 100,Guarida de Karnozor,Amakna,9,N,0,N,N
Draguirritado,NONE,Niv. 112 - 120,Santuario de los Dragohuevos,Amakna,9,N,0,N,N
Kaníbola Arquero,NONE,Niv. 52 - 60,Bosque de las Máscaras,Isla de Moon,9,N,0,N,N
Kaníbola Cerbat,NONE,Niv. 52 - 60,Bosque de las Máscaras,Isla de Moon,9,N,0,N,N
Kaníbola Fipi,NONE,Niv. 52 - 60,Bosque de las Máscaras,Isla de Moon,9,N,0,N,N
Kaníbola Jav,NONE,Niv. 52 - 60,Bosque de las Máscaras,Isla de Moon,9,N,0,N,N
Kawak de Llamas,NONE,Niv. 42 - 50,La montaña de los Crujidores,Amakna,9,N,0,N,N
Kwak de Hielo,NONE,Niv. 42 - 50,La montaña de los Crujidores,Amakna,9,N,0,N,N
Kwak de Tierra,NONE,Niv. 42 - 50,La montaña de los Crujidores,Amakna,9,N,0,N,N
Kwak de Viento,NONE,Niv. 42 - 50,La montaña de los Crujidores,Amakna,9,N,0,N,N
Ino-naru,NONE,Niv. 132 - 140,Airedala,Isla de Pandala,9,N,0,N,N
Maestro Boletus,NONE,Niv. 62 - 70,Caminos Rocosos,Llanuras de Cania,9,N,0,N,N
Mata,NONE,Niv. 62 - 70,Laboratior de Brumen Tinctorias,Landas de Sidimote,9,N,0,N,N
Palmiflor Kuraçao,NONE,Niv. 37 - 49,Playa de Coral,Isla de Otomai,9,N,0,N,N
Escupefux,NONE,Niv. 132 - 140,Fuegodala,Isla de Pandala,9,N,0,N,N
Kuanuto,NONE,Niv. 46 - 70,Akwadala,Isla de Pandala,9,N,0,N,N
Rata de Alcantarilla,NONE,Niv. 52 - 60,Alcantarillas de Bonta- Alcantarillas de Brakmar- Subterráneos del castillo de Amakna,Varias,9,N,0,N,N
Vetorano,NONE,Niv. 66 - 74,Caminos Rocosos,Llanuras de Cania,9,N,0,N,N
Almejillón,NONE,Niv. 42 - 50,Ribera del golfo de Sufokeño,Bahía de Sufokia,10,N,0,N,N
Cañon Dorf,NONE,Niv. 82 - 90,Camino de los Cráneos,Isla de Moon,10,N,0,N,N
Shinibaru,NONE,Niv. 122 -130,Tierradala,Isla de Pandala,10,N,0,N,N
Coralador,NONE,Niv. 38 - 50,Playa de Coral,Isla de Otomai,10,N,0,N,N
Dragohuevo Arcilloso,NONE,Niv. 62 - 70,Península de los Dragohuevos,Amakna,10,N,0,N,N
Dragohuevo Calizo,NONE,Niv. 62 - 70,Península de los Dragohuevos,Amakna,10,N,0,N,N
Dragohuevo Carbonoso,NONE,Niv. 62 - 70,Península de los Dragohuevos,Amakna,10,N,0,N,N
Dragohuevo Pizarroso,NONE,Niv. 62 - 70,Península de los Dragohuevos,Amakna,10,N,0,N,N
Don Dessangre,NONE,Niv. 93 - 101,El laberinto del Dragocerdo,Laberinto del Dragocerdo,10,N,0,N,N
Senojiki,NONE,Niv. 122 - 130,Tierradala,Isla de Pandala,10,N,0,N,N
Koalak Coco,NONE,Niv. 80 - 88,Cañón Salvaje,Montaña de los Koalaks,10,N,0,N,N
Koalak Guinda,NONE,Niv. 80 - 88,Cañón Salvaje,Montaña de los Koalaks,10,N,0,N,N
Koalak Índigo,NONE,Niv. 80 - 88,Cañón Salvaje,Montaña de los Koalaks,10,N,0,N,N
Koalak Reineta,NONE,Niv. 80 - 88,Cañón Salvaje,Montaña de los Koalaks,10,N,0,N,N
Notyebra,NONE,Niv. 82 - 90,Camino de los Cráneos,Isla de Moon,10,N,0,N,N
Kuapatán,NONE,Niv. 122 - 131,Akwadala,Isla de Pandala,10,N,0,N,N
Rata Hyoactiva,NONE,Niv. 52 - 60,Alcantarillas de Bonta,Bonta,10,N,0,N,N
Raúl Mops,NONE,Niv. 42 - 50,Ribera del golfo de Sufokeño,Bahía de Sufokia,10,N,0,N,N
Serpipluma,NONE,Niv. 120 - 128,Laberinto del Minotauroro,Isla del Minotauroro,10,N,0,N,N
Sparo,NONE,Niv. 57 - 69,Arca de Otomai,Isla de Otomai,10,N,0,N,N
Barbrusa ,NONE,Niv. 58 - 70,Arca de Otomai,Isla de Otomai,11,N,0,N,N
Crujidor Pulío,NONE,Niv. 96 - 108,Llanuras Herbosas,Isla de Otomai,11,N,0,N,N
Culebrón,NONE,Niv. 52 - 60,Campos de Cania,Llanuras de Cania,11,N,0,N,N
Don Dórgano,NONE,Niv. 90 - 104,El laberinto del Dragocerdo,Laberinto del Dragocerdo,11,N,0,N,N
Fantasma Corazado,NONE,Niv. 42 - 50,Afueras de Brakmar,Brakmar,11,N,0,N,N
Fantasma de Aperitubo,NONE,Niv. 42 - 50,Afueras de Brakmar,Brakmar,11,N,0,N,N
Fantasma Nimado,NONE,Niv. 42 - 50,Afueras de Brakmar,Brakmar,11,N,0,N,N
Fantasma Sesino,NONE,Niv. 42 - 50,Afueras de Brakmar,Brakmar,11,N,0,N,N
Flib,NONE,Niv. 56 - 68,Arca de Otomai,Isla de Otomai,11,N,0,N,N
Jefe Cocodrail,NONE,Niv. 61 - 77,Pantanos Nauseabundos,Montaña de los Koalaks,11,N,0,N,N
Kanugro,NONE,Niv. 62 - 70,Caminos Rocosos,Llanuras de Cania,11,N,0,N,N
Kido,NONE,Niv. 95 - 107,Llanuras Herbosas,Isla de Otomai,11,N,0,N,N
Kilibris,NONE,Niv. 98 - 110,Llanuras Herbosas,Isla de Otomai,11,N,0,N,N
Larva Campestre,NONE,Niv. 56 - 64,Campos de Cania,Llanuras de Cania,11,N,0,N,N
Marguerrita,NONE,Niv. 125 - 137,Oscura Jungla,Isla de Otomai,11,N,0,N,N
Mediulubo,NONE,Niv. 92 - 100,Altos de los Aullidos,Landas de Sidimote,11,N,0,N,N
Mufafah,NONE,Niv. 94 - 106,Llanuras Herbosas,Isla de Otomai,11,N,0,N,N
Nierba,NONE,Niv. 126 - 138,Oscura Jungla,Isla de Otomai,11,N,0,N,N
Kurookin,NONE,Niv. 132 - 140,Airedala,Isla de Pandala,11,N,0,N,N
Tufo de las Llanuras,NONE,Niv. 97 - 109,Llanuras Herbosas,Isla de Otomai,11,N,0,N,N
Zumbobo,NONE,Niv. 51 - 59,Campos de Cania,Llanuras de Cania,12,N,0,N,N
Fuxfaigter,NONE,Niv. 64 - 72,Caminos Rocosos,Llanuras de Cania,12,N,0,N,N
Dragohuevo Alabastrado,NONE,Niv. 62 - 70,Prueba de Dragenerys,Amakna,12,N,0,N,N
Dragosa,NONE,Niv. 112 - 120,Santuario de los Dragohuevos,Amakna,12,N,0,N,N
Guerrero Koalak,NONE,Niv. 100 - 112,Valle de la Muertekemata,Montaña de los Koalaks,12,N,0,N,N
Kukumi,NONE,Niv. 122 - 132,Akwadala,Isla de Pandala,12,N,0,N,N
Oni,NONE,Niv. 75,Bosque Maléfico,Amakna,12,N,0,N,N
Warko Marrón,NONE,Niv. 74 - 82,Cañón Salvaje,Montaña de los Koalaks,12,N,0,N,N
Kojonuki,NONE,Niv. 122 -130,Tierradala,Isla de Pandala,12,N,0,N,N
Abráknido Oscuro ,NONE,Niv. 78 - 90,Bosque Oscuro,Bosque de los Abráknidos,12,N,0,N,N
Kodámade,NONE,Niv. 100,Plantala,Isla de Pandala,12,N,0,N,N
Koalak Sepulturero,NONE,Niv. 100 - 112,Cementerio Primitivo,Montaña de los Koalaks,12,N,0,N,N
Koalak Forestal,NONE,Niv. 80 - 88,Bosque de Kaliptos,Montaña de los Koalaks,12,N,0,N,N
Piralak,NONE,Niv. 80 - 88,Lagos Encantados ,Montaña de los Koalaks,12,N,0,N,N
Pekewalak,NONE,Niv. 80 - 88,Lagos Encantados ,Montaña de los Koalaks,12,N,0,N,N
Zampávoro,NONE,Niv. 92 - 100,Jungla Prohibida,Isla de Moon,12,N,0,N,N
Abrakno Oscuro ,NONE,Niv. 80 - 92,Bosque Oscuro,Bosque de los Abráknidos,12,N,0,N,N
Dragopavo Dorado Salvaje,NONE,Niv. 55 - 67,Territorio de los Dragopavos Salvajes,Montaña de los Koalaks,12,N,0,N,N
Koalak Cabalgador,NONE,Niv. 102 - 114,Cementerio Primitivo,Montaña de los Koalaks,12,N,0,N,N
Mopet,NONE,Niv. 143 - 155,Tronco del Árbol Hakam,Isla de Otomai,12,N,0,N,N
Ranúfar,NONE,Niv. 102 - 110,Plantala,Isla de Pandala,13,N,0,N,N
Chavala Zoth,NONE,Niv. 117 - 129,Pueblo de la Canopea,Isla de Otomai,13,N,0,N,N
komanbwork,NONE,Niv. 82 - 90,Picos de Cania,Llanuras de Cania,13,N,0,N,N
Diente Pe-león,NONE,Niv. 128 - 140,Oscura Jungla,Isla de Otomai,13,N,0,N,N
Discípulo Zoth,NONE,Niv. 114 - 126,Pueblo de la Canopea,Isla de Otomai,13,N,0,N,N
Dragandrop,NONE,Niv. 112 - 120,Santuario de los Dragohuevos,Amakna,13,N,0,N,N
Dragnarok,NONE,Niv. 112 - 120,Santuario de los Dragohuevos,Amakna,13,N,0,N,N
Eztrambwork,NONE,Niv. 82 - 90,Picos de Cania,Llanuras de Cania,13,N,0,N,N
Esquejika,NONE,Niv. 127 - 139,Oscura Jungla,Isla de Otomai,13,N,0,N,N
Floribundo,NONE,Niv. 129 - 141,Oscura Jungla,Isla de Otomai,13,N,0,N,N
Guerrero Zoth,NONE,Niv. 120 - 132,Pueblo de la Canopea,Isla de Otomai,13,N,0,N,N
Koalak Salvaje,NONE,Niv. 104 - 116,Valle de la Muertekemata,Montaña de los Koalaks,13,N,0,N,N
Koalak Sanguíneo,NONE,Niv. 102 - 114,Valle de la Muertekemata,Montaña de los Koalaks,13,N,0,N,N
Lodostropajo,NONE,Niv. 95 - 107,Turbera sin Fondo,Isla de Otomai,13,N,0,N,N
Mamá Koalak,NONE,Niv. 90 - 98,Cañón Salvaje,Montaña de los Koalaks,13,N,0,N,N
Medibwork,NONE,Niv. 82 - 90,Picos de Cania,Llanuras de Cania,13,N,0,N,N
Megabowrk,NONE,Niv. 82 - 90,Picos de Cania,Llanuras de Cania,13,N,0,N,N
Momia Koalak,NONE,Niv. 106 - 118,Cementerio Primitivo,Montaña de los Koalaks,13,N,0,N,N
Tufo Oscuro,NONE,Niv. 130 - 142,Oscura Jungla,Isla de Otomai,13,N,0,N,N
Warko Violeta,NONE,Niv. 106 - 118,Valle de la Muertekemata,Montaña de los Koalaks,13,N,0,N,N
Abrajidor oscuro ,NONE,Niv. 131 - 143,Oscura Jungla,Isla de Otomai,14,N,0,N,N
Barrostropajo ,NONE,Niv. 100 - 112,Turbera sin Fondo,Isla de Otomai,14,N,0,N,N
Cofre Equipado,NONE,Niv. 57 - 65,Sierra de Cania,Llanuras de Cania,14,N,0,N,N
Dragoss Arcilloso,NONE,Niv. 92 - 100,Pueblo de los dragohuevos- Subterráneos de los dragohuevos,Amakna,14,N,0,N,N
Dragoss Calizo,NONE,Niv. 92 - 100,Pueblo de los dragohuevos- Subterráneos de los dragohuevos,Amakna,14,N,0,N,N
Dragoss Carbonoso,NONE,Niv. 92 - 100,Pueblo de los dragohuevos- Subterráneos de los dragohuevos,Amakna,14,N,0,N,N
Dragoss Pizarroso,NONE,Niv. 92 - 100,Pueblo de los dragohuevos- Subterráneos de los dragohuevos,Amakna,14,N,0,N,N
Drakoalak,NONE,Niv. 90 - 98,Cañón Salvaje,Montaña de los Koalaks,14,N,0,N,N
Rojiva,NONE,Niv. 132 - 140,Fuegodala,Isla de Pandala,14,N,0,N,N
Maestro Koalak,NONE,Niv. 108 - 120,Cementerio Primitivo,Montaña de los Koalaks,14,N,0,N,N
Mamanuki,NONE,Niv. 122 - 130,Tierradala,Isla de Pandala,14,N,0,N,N
Pohoyo,NONE,Niv. 142 - 158,Tronco del Árbol Hakam,Isla de Otomai,14,N,0,N,N
Robionicle,NONE,Niv. 55 - 63,Sierra de Cania,Llanuras de Cania,14,N,0,N,N
Robot Empujador,NONE,Niv. 52 - 60,Sierra de Cania,Llanuras de Cania,14,N,0,N,N
Robot mangual,NONE,Niv. 53 - 61,Sierra de Cania,Llanuras de Cania,14,N,0,N,N
Siegalak,NONE,Niv. 108 - 120,Valle de la Muertekemata,Montaña de los Koalaks,14,N,0,N,N
Bumbardero,NONE,Niv. 132 - 140,Fuegodala,Isla de Pandala,14,N,0,N,N
Trooloko,NONE,Niv. 112 - 120,Bosque de Litneg,Llanuras de Cania,14,N,0,N,N
Abrajidor Claro ,NONE,Niv. 150 - 162,Tronco del Árbol Hakam,Isla de Otomai,15,N,0,N,N
Champáknido,NONE,Niv. 172 - 180,Territorio de los Fongos,Landas de Sidimote,15,N,0,N,N
Champbis,NONE,Niv. 172 - 180,Caverna de los Fongos,Landas de Sidimote,15,N,0,N,N
Champidonte,NONE,Niv. 172 - 180,Caverna de los Fongos,Landas de Sidimote,15,N,0,N,N
Onabu-Geisha,NONE,Niv. 152 - 160,Cementerio de Grobe,Isla de Grobe,15,N,0,N,N
Jiangshi-Nobi,NONE,Niv. 152 - 160,Cementerio de Grobe,Isla de Grobe,15,N,0,N,N
Majaro,NONE,Niv. 162 - 170,Monte de las Tumbas,Isla de Grobe,15,N,0,N,N
Bakazako,NONE,Niv. 162 - 170,Monte de las Tumbas,Isla de Grobe,15,N,0,N,N
Tsukinoichi,NONE,Niv. 152 - 160,Cementerio de Grobe,Isla de Grobe,15,N,0,N,N
Tamburái,NONE,Niv. 152 - 160,Cementerio de Grobe,Isla de Grobe,15,N,0,N,N
Kasrakol,NONE,Niv. 146 - 162,Tronco del Árbol Hakam,Isla de Otomai,15,N,0,N,N
Maestro Zoth,NONE,Niv. 126 - 138,Pueblo de la Canopea,Isla de Otomai,15,N,0,N,N
Petafux,NONE,Niv. 132 - 140,Fuegodala,Isla de Pandala,15,N,0,N,N
Rey Stropajo,NONE,Niv. 192 - 200,Turbera sin Fondo,Isla de Otomai,15,N,0,N,N
Sargento Zoth,NONE,Niv. 123 - 135,Pueblo de la Canopea,Isla de Otomai,15,N,0,N,N
Seta peleona,NONE,Niv. 172 - 180,Caverna de los Fongos,Landas de Sidimote,15,N,0,N,N
Setador,NONE,Niv. 172 - 180,Caverna de los Fongos,Landas de Sidimote,15,N,0,N,N
Trompseta,NONE,Niv. 172 - 180,Territorio de los fongos,Landas de Sidimote,15,N,0,N,N
Tufo Aéreo,NONE,Niv. 144 - 160,Tronco del Árbol Hakam,Isla de Otomai,15,N,0,N,N
Gorolichang,NONE,Niv. 132 - 140,Airedala,Isla de Pandala,15,N,0,N,N
Kaonashi,NONE,Niv. 152 - 160,Monte de las Tumbas,Isla de Grobe,16,N,0,N,N
Tsume-bozu,NONE,Niv. 162 - 170,Monte de las Tumbas,Isla de Grobe,16,N,0,N,N
